<?xml version="1.0" encoding="utf-8" ?><dwsync><file name="bullets.jpg" server="isaw.biz" local="3445265995" remote="318763443838163472" Dst="-1" /><file name="left-arrow-small.png" server="isaw.biz" local="3445265995" remote="318763443838163472" Dst="-1" /><file name="left-arrow.png" server="isaw.biz" local="3445265995" remote="318763443838163472" Dst="-1" /><file name="loading.gif" server="isaw.biz" local="3445265995" remote="318763443838163472" Dst="-1" /><file name="mask-black.png" server="isaw.biz" local="3445265995" remote="318763443838163472" Dst="-1" /><file name="pause-black.png" server="isaw.biz" local="3445265995" remote="318763443838163472" Dst="-1" /><file name="right-arrow-small.png" server="isaw.biz" local="3445265995" remote="318763443838163472" Dst="-1" /><file name="right-arrow.png" server="isaw.biz" local="3445265995" remote="318763443838163472" Dst="-1" /><file name="rotator-black.png" server="isaw.biz" local="3445265995" remote="318763443838163472" Dst="-1" /><file name="Thumbs.db" server="isaw.biz" local="3445265995" remote="318763443838163472" Dst="-1" /><file name="timer-black.png" server="isaw.biz" local="3445265995" remote="318763443838163472" Dst="-1" /></dwsync>